name,pos,team,bye,pass_yds,pass_td,pass_int,pass_2pt,rush_yds,rush_td,rush_2pt,rec,rec_yds,rec_td,rec_2pt,fum_lost
Travis Hunter,WR,JAX,7,0.0,0.0,0.0,0.0,0.0,0.0,0.0,0.0,0.0,0.0,0.0,0.0
Anthony Brown,QB,FA,,0.0,0.0,0.0,0.0,0.0,0.0,0.0,0.0,0.0,0.0,0.0,0.0
Ezekiel Turner,RB,FA,,0.0,0.0,0.0,0.0,0.0,0.0,0.0,0.0,0.0,0.0,0.0,0.0
Josh Allen,QB,BUF,7,3750.38,27.0,10.82,0.0,539.6,10.93,0.0,0.0,0.0,0.0,0.0,3.42
Jahmyr Gibbs,RB,DET,6,0.0,0.0,0.0,0.0,1332.8,13.44,0.0,66.09,546.53,3.07,0.0,1.53
Bijan Robinson,RB,ATL,11,0.0,0.0,0.0,0.0,1361.58,10.51,0.0,72.69,619.89,2.64,0.0,1.98
Drake Maye,QB,NE,11,4038.02,27.31,10.04,0.0,514.02,4.51,0.0,0.0,0.0,0.0,0.0,2.84
Joe Burrow,QB,CIN,6,4265.6,33.6,11.62,0.0,178.09,1.8,0.0,0.0,0.0,0.0,0.0,3.13
Lamar Jackson,QB,BAL,13,3433.62,25.4,8.87,0.0,659.69,4.4,0.0,0.0,0.0,0.0,0.0,2.84
Jalen Hurts,QB,PHI,10,3572.02,22.02,9.91,0.0,460.09,7.71,0.0,0.0,0.0,0.0,0.0,2.8
Christian McCaffrey,RB,SF,8,0.0,0.0,0.0,0.0,1116.29,10.8,0.0,70.24,618.96,5.11,0.0,1.44
Jayden Daniels,QB,WAS,7,3621.47,23.0,9.71,0.0,597.89,4.87,0.0,0.0,0.0,0.0,0.0,2.91
Ja'Marr Chase,WR,CIN,6,0.0,0.0,0.0,0.0,16.47,0.04,0.0,119.76,1523.87,12.53,0.0,0.64
Justin Herbert,QB,LAC,7,3863.38,27.96,10.24,0.0,265.2,2.56,0.0,0.0,0.0,0.0,0.0,2.6
Brock Purdy,QB,SF,8,3940.44,27.78,12.4,0.0,208.13,2.87,0.0,0.0,0.0,0.0,0.0,2.02
Jordan Love,QB,GB,11,3653.91,25.8,10.58,0.0,201.07,1.93,0.0,0.0,0.0,0.0,0.0,2.56
Trevor Lawrence,QB,JAX,7,3836.89,24.98,11.91,0.0,316.4,3.91,0.0,0.0,0.0,0.0,0.0,2.09
Bo Nix,QB,DEN,10,3721.87,25.11,11.42,0.0,349.87,3.49,0.0,0.0,0.0,0.0,0.0,1.56
Caleb Williams,QB,CHI,10,3729.71,26.02,9.0,0.0,409.18,2.53,0.0,0.0,0.0,0.0,0.0,3.24
Dak Prescott,QB,DAL,14,4159.56,28.11,11.36,0.0,183.29,2.02,0.0,0.0,0.0,0.0,0.0,2.56
Matthew Stafford,QB,LAR,11,4087.42,32.67,10.56,0.0,37.78,0.29,0.0,0.0,0.0,0.0,0.0,1.89
Kyler Murray,QB,MIN,6,3619.07,22.82,11.6,0.0,441.36,3.91,0.0,0.0,0.0,0.0,0.0,2.71
Jared Goff,QB,DET,6,4143.24,29.82,10.73,0.0,57.18,0.27,0.0,0.0,0.0,0.0,0.0,0.8
Puka Nacua,WR,LAR,11,0.0,0.0,0.0,0.0,40.64,0.64,0.0,113.87,1439.82,9.36,0.0,0.58
Jonathan Taylor,RB,IND,13,0.0,0.0,0.0,0.0,1364.33,12.16,0.0,42.31,318.64,1.71,0.0,1.8
Patrick Mahomes II,QB,KC,5,3836.62,26.42,11.36,0.0,247.8,2.49,0.0,0.0,0.0,0.0,0.0,1.47
Jaxson Dart,QB,NYG,8,3453.11,21.76,11.11,0.0,405.73,5.58,0.0,0.0,0.0,0.0,0.0,2.18
Tyler Shough,QB,NO,8,3791.56,20.96,12.18,0.0,273.84,3.44,0.0,0.0,0.0,0.0,0.0,0.42
De'Von Achane,RB,MIA,6,0.0,0.0,0.0,0.0,1038.07,6.84,0.0,66.78,499.18,3.02,0.0,1.6
Baker Mayfield,QB,TB,10,3751.53,26.11,12.2,0.0,237.96,1.82,0.0,0.0,0.0,0.0,0.0,3.09
James Cook III,RB,BUF,7,0.0,0.0,0.0,0.0,1258.82,11.67,0.0,33.36,271.78,1.87,0.0,1.51
C.J. Stroud,QB,HOU,8,3893.98,22.98,10.29,0.0,228.98,1.02,0.0,0.0,0.0,0.0,0.0,1.49
Ashton Jeanty,RB,LV,13,0.0,0.0,0.0,0.0,1230.71,8.87,0.0,57.84,413.29,2.56,0.0,1.76
Daniel Jones,QB,IND,13,3552.04,21.71,11.78,0.0,289.22,2.53,0.0,0.0,0.0,0.0,0.0,2.07
Saquon Barkley,RB,PHI,10,0.0,0.0,0.0,0.0,1267.82,9.22,0.0,36.58,285.67,1.8,0.0,1.51
Derrick Henry,RB,BAL,13,0.0,0.0,0.0,0.0,1382.58,12.22,0.0,15.13,135.16,0.31,0.0,1.42
Chase Brown,RB,CIN,6,0.0,0.0,0.0,0.0,963.82,6.44,0.0,63.22,447.76,3.87,0.0,1.42
Jaxon Smith-Njigba,WR,SEA,11,0.0,0.0,0.0,0.0,21.67,0.02,0.0,103.96,1371.31,8.73,0.0,0.53
Malik Willis,QB,MIA,6,3326.82,16.87,13.62,0.0,481.67,4.49,0.0,0.0,0.0,0.0,0.0,2.29
Bryce Young,QB,CAR,5,3198.69,20.8,11.84,0.0,244.98,2.29,0.0,0.0,0.0,0.0,0.0,2.58
Amon-Ra St. Brown,WR,DET,6,0.0,0.0,0.0,0.0,5.78,0.04,0.0,105.78,1253.58,9.87,0.0,0.49
Aaron Rodgers,QB,PIT,9,3530.71,24.31,9.36,0.0,71.0,0.87,0.0,0.0,0.0,0.0,0.0,1.33
Cam Ward,QB,TEN,9,3584.31,19.24,12.11,0.0,185.87,1.91,0.0,0.0,0.0,0.0,0.0,3.13
Justin Jefferson,WR,MIN,6,0.0,0.0,0.0,0.0,0.0,0.0,0.0,98.2,1311.29,6.76,0.0,0.51
Ken Walker III,RB,KC,5,0.0,0.0,0.0,0.0,1081.33,8.96,0.0,42.87,331.22,1.62,0.0,1.38
Omarion Hampton,RB,LAC,7,0.0,0.0,0.0,0.0,1074.84,8.64,0.0,52.96,384.22,2.49,0.0,1.93
Sam Darnold,QB,SEA,11,3639.13,23.42,13.33,0.0,110.27,0.91,0.0,0.0,0.0,0.0,0.0,3.04
Brock Bowers,TE,LV,13,0.0,0.0,0.0,0.0,8.33,0.0,0.0,116.84,1268.87,6.58,0.0,0.56
Kyren Williams,RB,LAR,11,0.0,0.0,0.0,0.0,1048.47,10.11,0.0,33.31,236.58,2.56,0.0,1.29
CeeDee Lamb,WR,DAL,14,0.0,0.0,0.0,0.0,26.0,0.07,0.0,97.67,1242.16,8.96,0.0,0.47
Rashee Rice,WR,KC,5,0.0,0.0,0.0,0.0,30.07,0.11,0.0,91.51,1082.0,7.84,0.0,0.49
A.J. Brown,WR,NE,11,0.0,0.0,0.0,0.0,0.0,0.0,0.0,94.4,1354.04,8.18,0.0,0.47
Drake London,WR,ATL,11,0.0,0.0,0.0,0.0,0.0,0.0,0.0,98.47,1237.33,7.78,0.0,0.51
Nico Collins,WR,HOU,8,0.0,0.0,0.0,0.0,16.42,0.02,0.0,89.6,1295.78,7.4,0.0,0.44
George Pickens,WR,DAL,14,0.0,0.0,0.0,0.0,11.98,0.02,0.0,84.4,1193.49,7.69,0.0,0.42
DeVonta Smith,WR,PHI,10,0.0,0.0,0.0,0.0,0.0,0.0,0.0,88.96,1156.16,6.78,0.0,0.38
Jaylen Waddle,WR,DEN,10,0.0,0.0,0.0,0.0,4.6,0.02,0.0,85.27,1062.09,5.82,0.0,0.4
Terry McLaurin,WR,WAS,7,0.0,0.0,0.0,0.0,5.33,0.0,0.0,78.62,1039.4,6.89,0.0,0.42
Jeremiyah Love,RB,ARI,14,0.0,0.0,0.0,0.0,968.71,6.78,0.0,55.36,406.73,1.71,0.0,1.49
Travis Etienne Jr.,RB,NO,8,0.0,0.0,0.0,0.0,1038.33,7.33,0.0,40.07,299.24,1.13,0.0,1.44
Quinshon Judkins,RB,CLE,11,0.0,0.0,0.0,0.0,1071.29,7.22,0.0,34.93,238.71,0.96,0.0,1.64
Bucky Irving,RB,TB,10,0.0,0.0,0.0,0.0,1035.27,6.73,0.0,36.6,291.27,1.04,0.0,1.31
Cam Skattebo,RB,NYG,8,0.0,0.0,0.0,0.0,934.18,7.42,0.0,39.51,298.89,2.22,0.0,1.4
Chris Olave,WR,NO,8,0.0,0.0,0.0,0.0,0.0,0.0,0.0,91.56,1139.2,6.0,0.0,0.44
Geno Smith,QB,NYJ,13,3417.13,17.24,12.89,0.0,180.73,1.16,0.0,0.0,0.0,0.0,0.0,2.56
Zay Flowers,WR,BAL,13,0.0,0.0,0.0,0.0,38.29,0.07,0.0,83.09,1108.64,5.87,0.0,0.44
Breece Hall,RB,NYJ,13,0.0,0.0,0.0,0.0,1063.89,6.49,0.0,50.02,417.04,1.76,0.0,1.62
Emeka Egbuka,WR,TB,10,0.0,0.0,0.0,0.0,0.0,0.0,0.0,78.04,1037.13,7.16,0.0,0.4
Luther Burden III,WR,CHI,10,0.0,0.0,0.0,0.0,28.44,0.07,0.0,80.73,1001.47,6.51,0.0,0.4
Tetairoa McMillan,WR,CAR,5,0.0,0.0,0.0,0.0,4.22,0.02,0.0,78.6,1045.38,7.58,0.0,0.42
Tee Higgins,WR,CIN,6,0.0,0.0,0.0,0.0,0.0,0.0,0.0,75.27,1004.27,8.16,0.0,0.38
Javonte Williams,RB,DAL,14,0.0,0.0,0.0,0.0,1129.49,8.38,0.0,35.0,227.07,1.51,0.0,1.47
David Montgomery,RB,HOU,8,0.0,0.0,0.0,0.0,946.98,8.84,0.0,30.51,234.38,0.82,0.0,1.24
Josh Jacobs,RB,GB,11,0.0,0.0,0.0,0.0,1088.93,10.27,0.0,33.31,276.6,1.51,0.0,1.4
DJ Moore,WR,BUF,7,0.0,0.0,0.0,0.0,21.67,0.0,0.0,82.82,1027.18,6.89,0.0,0.4
Ladd McConkey,WR,LAC,7,0.0,0.0,0.0,0.0,12.11,0.0,0.0,83.2,1040.93,7.0,0.0,0.36
Colston Loveland,TE,CHI,10,0.0,0.0,0.0,0.0,0.0,0.0,0.0,75.6,808.84,6.76,0.0,0.38
Trey McBride,TE,ARI,14,0.0,0.0,0.0,0.0,0.0,0.0,0.0,106.29,1056.98,6.47,0.0,0.51
Tucker Kraft,TE,GB,11,0.0,0.0,0.0,0.0,0.0,0.0,0.0,62.24,813.11,6.51,0.0,0.31
Mike Evans,WR,SF,8,0.0,0.0,0.0,0.0,9.89,0.0,0.0,67.6,931.82,8.04,0.0,0.31
D'Andre Swift,RB,CHI,10,0.0,0.0,0.0,0.0,981.33,7.22,0.0,32.22,259.8,1.47,0.0,1.24
Christian Watson,WR,GB,11,0.0,0.0,0.0,0.0,23.31,0.07,0.0,61.02,873.82,5.96,0.0,0.31
Jaylen Warren,RB,PIT,9,0.0,0.0,0.0,0.0,784.29,4.93,0.0,49.27,366.0,2.16,0.0,1.16
Carnell Tate,WR,TEN,9,0.0,0.0,0.0,0.0,0.0,0.0,0.0,72.98,933.98,5.36,0.0,0.33
Jameson Williams,WR,DET,6,0.0,0.0,0.0,0.0,34.13,0.09,0.0,64.51,1037.98,6.67,0.0,0.33
Jadarian Price,RB,SEA,11,0.0,0.0,0.0,0.0,904.49,6.84,0.0,23.96,177.09,0.93,0.0,1.04
Quentin Johnston,WR,LAC,7,0.0,0.0,0.0,0.0,11.56,0.0,0.0,57.89,776.64,6.44,0.0,0.29
Bhayshul Tuten,RB,JAX,7,0.0,0.0,0.0,0.0,834.87,6.91,0.0,27.91,206.27,0.98,0.0,0.98
Alec Pierce,WR,IND,13,0.0,0.0,0.0,0.0,5.11,0.02,0.0,63.91,961.36,6.24,0.0,0.33
Garrett Wilson,WR,NYJ,13,0.0,0.0,0.0,0.0,4.02,0.02,0.0,89.18,1040.76,5.02,0.0,0.47
Parker Washington,WR,JAX,7,0.0,0.0,0.0,0.0,7.44,0.0,0.0,66.16,856.87,5.27,0.0,0.33
Courtland Sutton,WR,DEN,10,0.0,0.0,0.0,0.0,0.0,0.0,0.0,66.53,831.58,6.64,0.0,0.31
TreVeyon Henderson,RB,NE,11,0.0,0.0,0.0,0.0,833.51,6.38,0.0,35.22,268.71,1.71,0.0,1.09
Brian Thomas Jr.,WR,JAX,7,0.0,0.0,0.0,0.0,16.87,0.02,0.0,62.13,888.93,5.93,0.0,0.31
DK Metcalf,WR,PIT,9,0.0,0.0,0.0,0.0,0.0,0.0,0.0,68.87,961.07,6.07,0.0,0.33
Tyler Warren,TE,IND,13,0.0,0.0,0.0,0.0,13.89,0.0,0.0,81.27,842.4,5.07,0.0,0.38
Davante Adams,WR,LAR,11,0.0,0.0,0.0,0.0,0.0,0.0,0.0,67.44,891.18,8.4,0.0,0.29
Rhamondre Stevenson,RB,NE,11,0.0,0.0,0.0,0.0,728.36,6.91,0.0,35.82,273.27,1.62,0.0,1.11
Kyle Pitts Sr.,TE,ATL,11,0.0,0.0,0.0,0.0,0.0,0.0,0.0,74.89,850.24,5.18,0.0,0.38
Tony Pollard,RB,TEN,9,0.0,0.0,0.0,0.0,935.47,5.18,0.0,32.71,221.51,0.24,0.0,1.27
George Kittle,TE,SF,8,0.0,0.0,0.0,0.0,0.0,0.0,0.0,57.76,716.87,5.16,0.0,0.27
Malik Nabers,WR,NYG,8,0.0,0.0,0.0,0.0,0.0,0.0,0.0,81.69,1035.49,6.27,0.0,0.4
Jordan Addison,WR,MIN,6,0.0,0.0,0.0,0.0,0.0,0.0,0.0,58.33,743.53,5.56,0.0,0.31
Rome Odunze,WR,CHI,10,0.0,0.0,0.0,0.0,13.22,0.0,0.0,67.98,964.18,5.82,0.0,0.33
Chuba Hubbard,RB,CAR,5,0.0,0.0,0.0,0.0,844.62,5.56,0.0,31.84,202.67,1.0,0.0,1.36
Jacoby Brissett,QB,ARI,14,3267.4,17.53,9.38,0.0,140.36,0.93,0.0,0.0,0.0,0.0,0.0,2.49
Kyle Monangai,RB,CHI,10,0.0,0.0,0.0,0.0,727.27,6.24,0.0,23.6,181.64,0.93,0.0,0.98
Xavier Worthy,WR,KC,5,0.0,0.0,0.0,0.0,69.87,0.76,0.0,51.24,646.49,4.27,0.0,0.31
RJ Harvey,RB,DEN,10,0.0,0.0,0.0,0.0,479.89,3.31,0.0,44.82,327.04,2.73,0.0,0.76
Marvin Harrison Jr.,WR,ARI,14,0.0,0.0,0.0,0.0,0.0,0.0,0.0,66.71,885.84,4.98,0.0,0.31
Khalil Shakir,WR,BUF,7,0.0,0.0,0.0,0.0,0.0,0.0,0.0,63.4,699.73,4.22,0.0,0.29
Tua Tagovailoa,QB,ATL,11,2681.47,14.89,9.09,0.0,67.67,0.18,0.0,0.0,0.0,0.0,0.0,1.82
Jayden Higgins,WR,HOU,8,0.0,0.0,0.0,0.0,13.02,0.02,0.0,60.31,747.87,4.47,0.0,0.31
Rico Dowdle,RB,PIT,9,0.0,0.0,0.0,0.0,827.53,4.8,0.0,30.0,220.82,1.11,0.0,1.11
J.K. Dobbins,RB,DEN,10,0.0,0.0,0.0,0.0,900.31,6.8,0.0,16.73,101.84,0.16,0.0,1.02
Michael Pittman Jr,WR,PIT,9,0.0,0.0,0.0,0.0,0.0,0.0,0.0,84.56,910.62,5.91,0.0,0.38
Michael Wilson,WR,ARI,14,0.0,0.0,0.0,0.0,4.29,0.02,0.0,68.13,822.38,4.78,0.0,0.36
Rachaad White,RB,WAS,7,0.0,0.0,0.0,0.0,617.62,4.07,0.0,42.42,315.58,2.44,0.0,1.0
Jayden Reed,WR,GB,11,0.0,0.0,0.0,0.0,79.47,0.67,0.0,54.98,677.93,5.11,0.0,0.31
Mark Andrews,TE,BAL,13,0.0,0.0,0.0,0.0,8.33,0.0,0.0,60.69,648.51,7.02,0.0,0.31
Chris Godwin Jr.,WR,TB,10,0.0,0.0,0.0,0.0,0.0,0.0,0.0,66.31,800.42,4.82,0.0,0.31
Aaron Jones Sr.,RB,MIN,6,0.0,0.0,0.0,0.0,676.62,3.33,0.0,39.2,288.04,1.67,0.0,1.09
Jonathon Brooks,RB,CAR,5,0.0,0.0,0.0,0.0,633.78,4.44,0.0,28.2,206.07,1.04,0.0,0.84
Harold Fannin Jr.,TE,CLE,11,0.0,0.0,0.0,0.0,11.11,0.0,0.0,74.11,769.98,5.11,0.0,0.38
Isaiah Likely,TE,NYG,8,0.0,0.0,0.0,0.0,0.0,0.0,0.0,61.2,695.67,5.53,0.0,0.31
Deshaun Watson,QB,CLE,11,2037.93,11.0,8.07,0.0,124.98,0.96,0.0,0.0,0.0,0.0,0.0,1.33
Romeo Doubs,WR,NE,11,0.0,0.0,0.0,0.0,0.0,0.0,0.0,53.89,716.64,4.56,0.0,0.24
Sam LaPorta,TE,DET,6,0.0,0.0,0.0,0.0,0.0,0.0,0.0,58.42,678.51,6.44,0.0,0.29
Josh Downs,WR,IND,13,0.0,0.0,0.0,0.0,4.76,0.02,0.0,68.89,727.18,4.2,0.0,0.33
Jalen McMillan,WR,TB,10,0.0,0.0,0.0,0.0,0.0,0.0,0.0,43.36,546.2,4.91,0.0,0.22
Blake Corum,RB,LAR,11,0.0,0.0,0.0,0.0,694.53,5.62,0.0,12.51,92.27,0.76,0.0,0.8
Kenny Gainwell,RB,TB,10,0.0,0.0,0.0,0.0,562.38,2.82,0.0,46.27,336.36,1.64,0.0,0.93
Travis Kelce,TE,KC,5,0.0,0.0,0.0,0.0,0.0,0.0,0.0,76.36,751.07,4.89,0.0,0.33
Jordyn Tyson,WR,NO,8,0.0,0.0,0.0,0.0,0.0,0.0,0.0,63.0,808.18,4.58,0.0,0.29
KC Concepcion,WR,CLE,11,0.0,0.0,0.0,0.0,0.0,0.0,0.0,58.71,697.4,4.09,0.0,0.31
Stefon Diggs,WR,FA,,0.0,0.0,0.0,0.0,0.0,0.0,0.0,40.93,517.47,3.24,0.0,0.07
Makai Lemon,WR,PHI,10,0.0,0.0,0.0,0.0,0.0,0.0,0.0,59.93,763.93,4.62,0.0,0.27
Jake Ferguson,TE,DAL,14,0.0,0.0,0.0,0.0,0.0,0.0,0.0,64.73,566.2,4.64,0.0,0.31
Jakobi Meyers,WR,JAX,7,0.0,0.0,0.0,0.0,12.11,0.0,0.0,62.89,712.27,4.62,0.0,0.29
Dallas Goedert,TE,PHI,10,0.0,0.0,0.0,0.0,0.0,0.0,0.0,64.29,639.96,4.76,0.0,0.27
Jacory Croskey-Merritt,RB,WAS,7,0.0,0.0,0.0,0.0,699.76,5.73,0.0,15.13,107.58,0.22,0.0,0.82
Chris Rodriguez Jr.,RB,JAX,7,0.0,0.0,0.0,0.0,642.89,5.09,0.0,10.0,73.62,0.2,0.0,0.84
Dalton Kincaid,TE,BUF,7,0.0,0.0,0.0,0.0,0.0,0.0,0.0,56.18,627.78,4.64,0.0,0.27
AJ Barner,TE,SEA,11,0.0,0.0,0.0,0.0,6.11,0.0,0.0,49.78,489.4,4.42,0.0,0.24
Jalen Coker,WR,CAR,5,0.0,0.0,0.0,0.0,0.0,0.0,0.0,55.64,657.89,3.89,0.0,0.24
Brenton Strange,TE,JAX,7,0.0,0.0,0.0,0.0,0.0,0.0,0.0,54.93,574.04,4.6,0.0,0.24
Rashid Shaheed,WR,SEA,11,0.0,0.0,0.0,0.0,47.53,0.11,0.0,40.38,572.6,3.84,0.0,0.22
Wan'Dale Robinson,WR,TEN,9,0.0,0.0,0.0,0.0,24.67,0.02,0.0,72.53,754.0,3.73,0.0,0.36
Fernando Mendoza,QB,LV,13,2050.96,11.6,7.96,0.0,124.91,1.38,0.0,0.0,0.0,0.0,0.0,2.33
Hunter Henry,TE,NE,11,0.0,0.0,0.0,0.0,0.0,0.0,0.0,53.76,562.91,3.98,0.0,0.24
Juwan Johnson,TE,NO,8,0.0,0.0,0.0,0.0,0.0,0.0,0.0,54.56,589.58,3.78,0.0,0.27
Tre Tucker,WR,LV,13,0.0,0.0,0.0,0.0,45.31,0.07,0.0,48.58,583.4,2.98,0.0,0.27
Matthew Golden,WR,GB,11,0.0,0.0,0.0,0.0,19.44,0.02,0.0,59.0,775.87,4.91,0.0,0.27
Kirk Cousins,QB,LV,13,1757.0,9.64,6.47,0.0,7.2,0.07,0.0,0.0,0.0,0.0,0.0,0.69
Oronde Gadsden,TE,LAC,7,0.0,0.0,0.0,0.0,0.0,0.0,0.0,45.6,518.18,3.87,0.0,0.2
Cade Otton,TE,TB,10,0.0,0.0,0.0,0.0,0.0,0.0,0.0,47.8,473.42,3.44,0.0,0.24
Gunnar Helm,TE,TEN,9,0.0,0.0,0.0,0.0,0.0,0.0,0.0,50.76,475.49,3.27,0.0,0.24
Dylan Sampson,RB,CLE,11,0.0,0.0,0.0,0.0,381.89,2.07,0.0,31.51,227.58,1.07,0.0,0.67
Woody Marks,RB,HOU,8,0.0,0.0,0.0,0.0,482.04,2.89,0.0,22.84,170.93,1.11,0.0,0.78
Jordan Mason,RB,MIN,6,0.0,0.0,0.0,0.0,749.24,5.29,0.0,14.8,98.78,0.16,0.0,0.93
Chig Okonkwo,TE,WAS,7,0.0,0.0,0.0,0.0,0.0,0.0,0.0,53.0,531.89,3.67,0.0,0.27
Jauan Jennings,WR,MIN,6,0.0,0.0,0.0,0.0,0.0,0.0,0.0,44.78,562.33,3.64,0.0,0.22
Tyrone Tracy Jr.,RB,NYG,8,0.0,0.0,0.0,0.0,542.24,2.87,0.0,22.98,172.02,0.82,0.0,0.76
Shedeur Sanders,QB,CLE,11,1687.31,8.51,8.16,0.0,71.16,0.24,0.0,0.0,0.0,0.0,0.0,1.8
Pat Freiermuth,TE,PIT,9,0.0,0.0,0.0,0.0,0.0,0.0,0.0,47.78,464.24,4.16,0.0,0.24
T.J. Hockenson,TE,MIN,6,0.0,0.0,0.0,0.0,0.0,0.0,0.0,57.09,540.71,3.6,0.0,0.29
Kenyon Sadiq,TE,NYJ,13,0.0,0.0,0.0,0.0,0.0,0.0,0.0,51.67,578.4,3.71,0.0,0.27
Dalton Schultz,TE,HOU,8,0.0,0.0,0.0,0.0,0.0,0.0,0.0,58.96,576.56,2.91,0.0,0.29
Tyjae Spears,RB,TEN,9,0.0,0.0,0.0,0.0,339.89,2.42,0.0,40.02,299.49,1.04,0.0,0.67
Jalen Nailor,WR,LV,13,0.0,0.0,0.0,0.0,0.0,0.0,0.0,46.78,590.33,4.24,0.0,0.22
Denzel Boston,WR,CLE,11,0.0,0.0,0.0,0.0,0.0,0.0,0.0,51.0,652.11,3.2,0.0,0.24
Isiah Pacheco,RB,DET,6,0.0,0.0,0.0,0.0,563.89,3.2,0.0,18.76,121.93,0.82,0.0,0.71
Tre' Harris,WR,LAC,7,0.0,0.0,0.0,0.0,11.56,0.0,0.0,36.38,429.67,3.07,0.0,0.18
Ricky Pearsall,WR,SF,8,0.0,0.0,0.0,0.0,3.78,0.0,0.0,19.02,249.42,1.18,0.0,0.22
Tyler Allgeier,RB,ARI,14,0.0,0.0,0.0,0.0,552.98,3.18,0.0,12.69,90.36,0.16,0.0,0.64
Brian Robinson Jr,RB,ATL,11,0.0,0.0,0.0,0.0,521.8,3.73,0.0,9.24,67.89,0.16,0.0,0.67
Terrance Ferguson,TE,LAR,11,0.0,0.0,0.0,0.0,0.0,0.0,0.0,37.76,426.76,3.87,0.0,0.18
Ryan Flournoy,WR,DAL,14,0.0,0.0,0.0,0.0,0.0,0.0,0.0,39.42,474.64,3.02,0.0,0.18
Malik Washington,WR,MIA,6,0.0,0.0,0.0,0.0,52.67,0.02,0.0,45.53,476.82,2.2,0.0,0.27
Jerry Jeudy,WR,CLE,11,0.0,0.0,0.0,0.0,0.0,0.0,0.0,50.31,634.47,3.16,0.0,0.27
Michael Penix Jr.,QB,ATL,11,1266.62,6.6,4.02,0.0,35.87,0.13,0.0,0.0,0.0,0.0,0.0,0.64
George Holani,RB,SEA,11,0.0,0.0,0.0,0.0,227.87,2.24,0.0,9.87,75.11,0.29,0.0,0.44
Keaton Mitchell,RB,LAC,7,0.0,0.0,0.0,0.0,353.76,2.22,0.0,10.33,78.87,0.78,0.0,0.44
Cole Kmet,TE,CHI,10,0.0,0.0,0.0,0.0,0.0,0.0,0.0,27.13,265.82,2.29,0.0,0.16
Rashod Bateman,WR,BAL,13,0.0,0.0,0.0,0.0,0.0,0.0,0.0,36.8,532.11,4.84,0.0,0.18
MarShawn Lloyd,RB,GB,11,0.0,0.0,0.0,0.0,305.93,2.22,0.0,8.71,62.93,0.22,0.0,0.42
Omar Cooper Jr.,WR,NYJ,13,0.0,0.0,0.0,0.0,0.0,0.0,0.0,43.56,508.91,2.89,0.0,0.2
Tank Bigsby,RB,PHI,10,0.0,0.0,0.0,0.0,456.31,3.51,0.0,6.98,48.91,0.11,0.0,0.49
Greg Dulcich,TE,MIA,6,0.0,0.0,0.0,0.0,0.0,0.0,0.0,42.91,493.73,2.84,0.0,0.2
Braelon Allen,RB,NYJ,13,0.0,0.0,0.0,0.0,464.33,2.36,0.0,14.62,106.62,0.18,0.0,0.73
Samaje Perine,RB,CIN,6,0.0,0.0,0.0,0.0,299.31,0.98,0.0,19.56,152.07,0.24,0.0,0.47
Alvin Kamara,RB,NO,8,0.0,0.0,0.0,0.0,327.73,1.38,0.0,30.36,234.0,1.38,0.0,0.56
Zach Charbonnet,RB,SEA,11,0.0,0.0,0.0,0.0,461.07,5.04,0.0,17.13,128.2,0.76,0.0,0.64
Mike Gesicki,TE,CIN,6,0.0,0.0,0.0,0.0,0.0,0.0,0.0,40.4,419.16,3.33,0.0,0.22
Theo Johnson,TE,NYG,8,0.0,0.0,0.0,0.0,0.0,0.0,0.0,33.33,346.18,2.36,0.0,0.16
Jalen Tolbert,WR,MIA,6,0.0,0.0,0.0,0.0,0.0,0.0,0.0,27.78,338.6,2.42,0.0,0.18
Jordan James,RB,SF,8,0.0,0.0,0.0,0.0,259.58,1.04,0.0,11.8,89.27,0.2,0.0,0.47
Jaylen Wright,RB,MIA,6,0.0,0.0,0.0,0.0,227.2,1.13,0.0,11.24,88.42,0.2,0.0,0.42
Emmett Johnson,RB,KC,5,0.0,0.0,0.0,0.0,262.96,1.38,0.0,17.98,140.76,0.84,0.0,0.36
Evan Engram,TE,DEN,10,0.0,0.0,0.0,0.0,0.0,0.0,0.0,41.38,372.4,2.71,0.0,0.18
Justice Hill,RB,BAL,13,0.0,0.0,0.0,0.0,181.42,0.64,0.0,30.6,246.51,1.78,0.0,0.38
Tyquan Thornton,WR,KC,5,0.0,0.0,0.0,0.0,8.0,0.0,0.0,29.16,397.82,2.02,0.0,0.13
Isaac TeSlaa,WR,DET,6,0.0,0.0,0.0,0.0,0.0,0.0,0.0,33.71,420.2,2.67,0.0,0.13
Germie Bernard,WR,PIT,9,0.0,0.0,0.0,0.0,37.53,0.07,0.0,34.33,410.67,2.69,0.0,0.16
Antonio Williams,WR,WAS,7,0.0,0.0,0.0,0.0,0.0,0.0,0.0,27.93,335.6,1.62,0.0,0.16
Adonai Mitchell,WR,NYJ,13,0.0,0.0,0.0,0.0,0.0,0.0,0.0,33.69,462.73,1.98,0.0,0.2
Colby Parkinson,TE,LAR,11,0.0,0.0,0.0,0.0,0.0,0.0,0.0,30.78,306.0,2.93,0.0,0.13
Deebo Samuel Sr.,WR,SF,8,0.0,0.0,0.0,0.0,17.09,0.0,0.0,36.2,421.13,2.33,0.0,0.07
Jaylin Noel,WR,HOU,8,0.0,0.0,0.0,0.0,12.11,0.0,0.0,29.78,341.33,2.04,0.0,0.16
Calvin Ridley,WR,TEN,9,0.0,0.0,0.0,0.0,0.0,0.0,0.0,39.49,571.6,3.09,0.0,0.2
Andrei Iosivas,WR,CIN,6,0.0,0.0,0.0,0.0,0.0,0.0,0.0,29.69,370.0,2.98,0.0,0.13
Carson Beck,QB,ARI,14,553.56,3.02,2.16,0.0,15.22,0.04,0.0,0.0,0.0,0.0,0.0,0.56
Mike Washington Jr.,RB,LV,13,0.0,0.0,0.0,0.0,334.27,2.11,0.0,6.09,45.73,0.09,0.0,0.42
Jaydon Blue,RB,DAL,14,0.0,0.0,0.0,0.0,282.27,1.93,0.0,11.11,77.36,0.22,0.0,0.36
Nick Westbrook-Ikhine,WR,IND,13,0.0,0.0,0.0,0.0,0.0,0.0,0.0,28.04,337.36,2.4,0.0,0.13
Troy Franklin,WR,DEN,10,0.0,0.0,0.0,0.0,12.33,0.0,0.0,24.67,266.24,2.0,0.0,0.13
De'Zhaun Stribling,WR,SF,8,0.0,0.0,0.0,0.0,0.0,0.0,0.0,30.49,438.82,2.49,0.0,0.11
Jahan Dotson,WR,ATL,11,0.0,0.0,0.0,0.0,0.0,0.0,0.0,34.38,421.73,1.82,0.0,0.16
DJ Giddens,RB,IND,13,0.0,0.0,0.0,0.0,185.16,1.22,0.0,10.62,75.76,0.16,0.0,0.31
Cooper Kupp,WR,SEA,11,0.0,0.0,0.0,0.0,0.0,0.0,0.0,37.47,446.91,2.18,0.0,0.16
David Njoku,TE,LAC,7,0.0,0.0,0.0,0.0,0.0,0.0,0.0,41.76,387.73,3.78,0.0,0.16
Marvin Mims Jr.,WR,DEN,10,0.0,0.0,0.0,0.0,43.67,0.02,0.0,22.09,233.87,1.33,0.0,0.13
Demond Claiborne,RB,MIN,6,0.0,0.0,0.0,0.0,148.07,1.18,0.0,4.96,37.4,0.11,0.0,0.29
Darius Slayton,WR,NYG,8,0.0,0.0,0.0,0.0,0.0,0.0,0.0,23.71,320.38,1.71,0.0,0.11
Pat Bryant,WR,DEN,10,0.0,0.0,0.0,0.0,0.0,0.0,0.0,31.09,354.82,2.6,0.0,0.13
Darnell Mooney,WR,NYG,8,0.0,0.0,0.0,0.0,0.0,0.0,0.0,33.44,449.93,2.78,0.0,0.13
Ray Davis,RB,BUF,7,0.0,0.0,0.0,0.0,217.87,1.13,0.0,11.73,94.98,0.84,0.0,0.33
Travis Hunter,WR,JAX,7,0.0,0.0,0.0,0.0,25.67,0.07,0.0,27.96,371.56,1.96,0.0,0.13
Malachi Fields,WR,NYG,8,0.0,0.0,0.0,0.0,0.0,0.0,0.0,10.42,127.09,0.56,0.0,0.09
Devaughn Vele,WR,NO,8,0.0,0.0,0.0,0.0,0.0,0.0,0.0,32.31,364.42,2.09,0.0,0.13
DeMario Douglas,WR,NE,11,0.0,0.0,0.0,0.0,29.0,0.02,0.0,20.22,225.11,1.6,0.0,0.11
Brandon Aiyuk,WR,SF,8,0.0,0.0,0.0,0.0,0.0,0.0,0.0,32.09,408.6,2.2,0.0,0.07
Dontayvion Wicks,WR,PHI,10,0.0,0.0,0.0,0.0,0.0,0.0,0.0,24.04,310.62,1.91,0.0,0.09
Kaelon Black,RB,SF,8,0.0,0.0,0.0,0.0,238.42,1.36,0.0,9.07,72.02,0.16,0.0,0.33
Nicholas Singleton,RB,TEN,9,0.0,0.0,0.0,0.0,183.07,1.24,0.0,5.04,35.56,0.11,0.0,0.29
Caleb Douglas,WR,MIA,6,0.0,0.0,0.0,0.0,0.0,0.0,0.0,31.44,419.69,2.11,0.0,0.16
Dyami Brown,WR,WAS,7,0.0,0.0,0.0,0.0,0.0,0.0,0.0,32.24,408.38,2.42,0.0,0.13
LeQuint Allen Jr.,RB,JAX,7,0.0,0.0,0.0,0.0,109.22,0.44,0.0,18.6,140.58,0.87,0.0,0.24
Jack Bech,WR,LV,13,0.0,0.0,0.0,0.0,0.0,0.0,0.0,29.53,357.11,2.42,0.0,0.11
Ty Johnson,RB,BUF,7,0.0,0.0,0.0,0.0,194.73,1.51,0.0,19.36,177.02,1.07,0.0,0.27
Kayshon Boutte,WR,NE,11,0.0,0.0,0.0,0.0,0.0,0.0,0.0,31.33,398.96,2.6,0.0,0.11
Jerome Ford,RB,WAS,7,0.0,0.0,0.0,0.0,111.31,0.38,0.0,10.16,73.33,0.69,0.0,0.22
Malik Davis,RB,DAL,14,0.0,0.0,0.0,0.0,247.64,1.89,0.0,7.56,55.78,0.11,0.0,0.29
Tyreek Hill,WR,FA,,0.0,0.0,0.0,0.0,0.0,0.0,0.0,24.47,352.98,2.13,0.0,0.07
Michael Mayer,TE,LV,13,0.0,0.0,0.0,0.0,0.0,0.0,0.0,25.69,247.29,1.11,0.0,0.11
Kimani Vidal,RB,LAC,7,0.0,0.0,0.0,0.0,265.49,1.27,0.0,8.71,64.53,0.16,0.0,0.33
Dawson Knox,TE,BUF,7,0.0,0.0,0.0,0.0,0.0,0.0,0.0,22.29,238.31,2.36,0.0,0.09
Jonah Coleman,RB,DEN,10,0.0,0.0,0.0,0.0,178.27,2.31,0.0,5.44,36.96,0.13,0.0,0.29
Tutu Atwell,WR,MIA,6,0.0,0.0,0.0,0.0,0.0,0.0,0.0,26.0,342.56,1.53,0.0,0.09
Erick All Jr.,TE,CIN,6,0.0,0.0,0.0,0.0,0.0,0.0,0.0,21.58,214.84,1.67,0.0,0.07
Ja'Kobi Lane,WR,BAL,13,0.0,0.0,0.0,0.0,0.0,0.0,0.0,16.31,196.96,1.78,0.0,0.09
Xavier Legette,WR,CAR,5,0.0,0.0,0.0,0.0,0.0,0.0,0.0,31.47,353.76,1.96,0.0,0.13
Mason Taylor,TE,NYJ,13,0.0,0.0,0.0,0.0,0.0,0.0,0.0,28.22,264.51,1.8,0.0,0.13
Tory Horton,WR,SEA,11,0.0,0.0,0.0,0.0,0.0,0.0,0.0,18.38,226.47,1.22,0.0,0.09
Darnell Washington,TE,PIT,9,0.0,0.0,0.0,0.0,0.0,0.0,0.0,18.04,177.09,1.73,0.0,0.11
Emanuel Wilson,RB,SEA,11,0.0,0.0,0.0,0.0,193.8,1.84,0.0,4.56,32.64,0.04,0.0,0.24
Keon Coleman,WR,BUF,7,0.0,0.0,0.0,0.0,0.0,0.0,0.0,23.64,298.18,2.53,0.0,0.09
Tank Dell,WR,HOU,8,0.0,0.0,0.0,0.0,4.56,0.02,0.0,34.98,395.49,3.16,0.0,0.16
Najee Harris,RB,FA,,0.0,0.0,0.0,0.0,68.58,0.42,0.0,2.91,18.27,0.09,0.0,0.0
Kaleb Johnson,RB,PIT,9,0.0,0.0,0.0,0.0,100.56,0.53,0.0,4.16,28.98,0.11,0.0,0.22
Christian Kirk,WR,SF,8,0.0,0.0,0.0,0.0,12.11,0.0,0.0,17.96,239.71,1.24,0.0,0.11
Joe Flacco,QB,CIN,6,325.6,2.33,1.24,0.0,14.0,0.02,0.0,0.0,0.0,0.0,0.0,0.02
Treylon Burks,WR,WAS,7,0.0,0.0,0.0,0.0,0.0,0.0,0.0,10.56,136.73,0.69,0.0,0.09
Elic Ayomanor,WR,TEN,9,0.0,0.0,0.0,0.0,0.0,0.0,0.0,11.6,160.18,1.13,0.0,0.09
Isaiah Davis,RB,NYJ,13,0.0,0.0,0.0,0.0,116.27,0.38,0.0,11.29,86.36,0.13,0.0,0.24
Max Klare,TE,LAR,11,0.0,0.0,0.0,0.0,0.0,0.0,0.0,16.27,166.0,1.24,0.0,0.07
Tez Johnson,WR,TB,10,0.0,0.0,0.0,0.0,0.0,0.0,0.0,11.49,146.96,1.78,0.0,0.07
Sean Tucker,RB,TB,10,0.0,0.0,0.0,0.0,127.87,0.64,0.0,2.69,18.53,0.07,0.0,0.22
Joshua Palmer,WR,BUF,7,0.0,0.0,0.0,0.0,0.0,0.0,0.0,16.24,220.31,1.04,0.0,0.09
Zavion Thomas,WR,CHI,10,0.0,0.0,0.0,0.0,15.64,0.13,0.0,5.07,75.67,0.29,0.0,0.07
Sam Howell,QB,DAL,14,147.67,0.73,0.44,0.0,0.0,0.0,0.0,0.0,0.0,0.0,0.0,0.0
Isaiah Bond,WR,CLE,11,0.0,0.0,0.0,0.0,5.22,0.0,0.0,7.62,102.71,0.29,0.0,0.07
Tyler Higbee,TE,LAR,11,0.0,0.0,0.0,0.0,0.0,0.0,0.0,24.53,259.13,1.91,0.0,0.11
Mitchell Evans,TE,CAR,5,0.0,0.0,0.0,0.0,0.0,0.0,0.0,15.38,150.13,1.64,0.0,0.07
Colbie Young,WR,CIN,6,0.0,0.0,0.0,0.0,0.0,0.0,0.0,7.31,88.31,0.31,0.0,0.04
James Conner,RB,ARI,14,0.0,0.0,0.0,0.0,119.53,0.53,0.0,4.64,33.71,0.09,0.0,0.27
Tommy Tremble,TE,CAR,5,0.0,0.0,0.0,0.0,0.0,0.0,0.0,15.36,141.29,0.56,0.0,0.07
Skyler Bell,WR,BUF,7,0.0,0.0,0.0,0.0,4.78,0.02,0.0,11.98,151.98,1.13,0.0,0.07
Jordan Whittington,WR,LAR,11,0.0,0.0,0.0,0.0,3.89,0.0,0.0,9.29,113.4,0.33,0.0,0.07
Kyle Allen,QB,BUF,7,281.76,1.98,1.04,0.0,10.67,0.02,0.0,0.0,0.0,0.0,0.0,0.56
Luke McCaffrey,WR,WAS,7,0.0,0.0,0.0,0.0,0.0,0.0,0.0,13.96,180.76,1.56,0.0,0.07
Brenen Thompson,WR,LAC,7,0.0,0.0,0.0,0.0,0.0,0.0,0.0,8.24,122.64,0.4,0.0,0.07
Sione Vaki,RB,DET,6,0.0,0.0,0.0,0.0,94.13,0.47,0.0,4.4,29.89,0.04,0.0,0.16
Ja'Tavion Sanders,TE,CAR,5,0.0,0.0,0.0,0.0,0.0,0.0,0.0,31.0,275.29,1.8,0.0,0.13
Kyle Williams,WR,NE,11,0.0,0.0,0.0,0.0,8.22,0.0,0.0,10.11,121.04,0.98,0.0,0.07
KaVontae Turpin,WR,DAL,14,0.0,0.0,0.0,0.0,62.11,0.04,0.0,19.89,258.24,1.13,0.0,0.11
Roman Wilson,WR,PIT,9,0.0,0.0,0.0,0.0,0.0,0.0,0.0,10.49,130.29,1.2,0.0,0.09
Matt Hibner,TE,BAL,13,0.0,0.0,0.0,0.0,0.0,0.0,0.0,8.27,82.18,0.47,0.0,0.07
Tyrod Taylor,QB,GB,11,292.8,1.6,1.13,0.0,7.56,0.02,0.0,0.0,0.0,0.0,0.0,0.02
Chris Brooks,RB,GB,11,0.0,0.0,0.0,0.0,246.27,1.62,0.0,10.89,77.67,0.67,0.0,0.31
Kendrick Bourne,WR,ARI,14,0.0,0.0,0.0,0.0,0.0,0.0,0.0,26.91,329.47,1.58,0.0,0.11
Chris Brazzell II,WR,CAR,5,0.0,0.0,0.0,0.0,0.0,0.0,0.0,0.0,0.0,0.0,0.0,0.0
Brashard Smith,RB,KC,5,0.0,0.0,0.0,0.0,120.24,0.47,0.0,9.0,66.38,0.2,0.0,0.22
Jalen Royals,WR,KC,5,0.0,0.0,0.0,0.0,4.11,0.0,0.0,10.76,140.96,1.07,0.0,0.07
Ollie Gordon II,RB,MIA,6,0.0,0.0,0.0,0.0,130.6,0.53,0.0,5.76,40.58,0.13,0.0,0.24
Chimere Dike,WR,TEN,9,0.0,0.0,0.0,0.0,19.44,0.02,0.0,11.33,134.27,0.56,0.0,0.09
Nick Mullens,QB,JAX,7,290.13,1.53,1.2,0.0,5.11,0.02,0.0,0.0,0.0,0.0,0.0,0.02
Jake Browning,QB,TB,10,251.96,1.44,1.13,0.0,5.44,0.02,0.0,0.0,0.0,0.0,0.0,0.02
Tyson Bagent,QB,CHI,10,286.36,1.49,1.16,0.0,7.89,0.04,0.0,0.0,0.0,0.0,0.0,0.02
Elijah Sarratt,WR,BAL,13,0.0,0.0,0.0,0.0,0.0,0.0,0.0,8.47,102.18,0.44,0.0,0.07
Ted Hurst,WR,TB,10,0.0,0.0,0.0,0.0,0.0,0.0,0.0,15.24,215.56,1.6,0.0,0.07
Justin Fields,QB,KC,5,273.96,1.49,1.71,0.0,42.73,0.71,0.0,0.0,0.0,0.0,0.0,0.02
J.J. McCarthy,QB,MIN,6,303.0,1.6,1.38,0.0,18.11,0.04,0.0,0.0,0.0,0.0,0.0,0.58
Trey Lance,QB,LAC,7,251.27,1.47,0.56,0.0,0.0,0.0,0.0,0.0,0.0,0.0,0.0,0.0
Tai Felton,WR,MIN,6,0.0,0.0,0.0,0.0,0.0,0.0,0.0,6.89,81.18,0.31,0.0,0.04
Zachariah Branch,WR,ATL,11,0.0,0.0,0.0,0.0,53.91,0.73,0.0,14.16,166.76,0.89,0.0,0.13
Teddy Bridgewater,QB,DET,6,268.71,1.42,1.09,0.0,5.0,0.02,0.0,0.0,0.0,0.0,0.0,0.02
Nate Boerkircher,TE,JAX,7,0.0,0.0,0.0,0.0,0.0,0.0,0.0,6.53,60.73,0.89,0.0,0.02
Ty Simpson,QB,LAR,11,280.91,1.62,1.07,0.0,7.44,0.02,0.0,0.0,0.0,0.0,0.0,0.02
Hollywood Brown,WR,PHI,10,0.0,0.0,0.0,0.0,0.0,0.0,0.0,12.24,155.73,0.89,0.0,0.07
Devontez Walker,WR,BAL,13,0.0,0.0,0.0,0.0,0.0,0.0,0.0,23.42,303.96,2.33,0.0,0.09
Jarrett Stidham,QB,DEN,10,275.51,1.38,1.13,0.0,0.0,0.0,0.0,0.0,0.0,0.0,0.0,0.0
Tahj Brooks,RB,CIN,6,0.0,0.0,0.0,0.0,211.6,1.76,0.0,2.84,18.87,0.02,0.0,0.27
Tommy DeVito,QB,NE,11,264.29,1.31,1.04,0.0,6.78,0.02,0.0,0.0,0.0,0.0,0.0,0.0
Dylan Laube,RB,LV,13,0.0,0.0,0.0,0.0,71.29,0.24,0.0,5.58,39.22,0.09,0.0,0.13
Devin Singletary,RB,NYG,8,0.0,0.0,0.0,0.0,157.24,0.47,0.0,5.58,42.76,0.04,0.0,0.22
Jake Tonges,TE,SF,8,0.0,0.0,0.0,0.0,0.0,0.0,0.0,14.73,147.47,1.71,0.0,0.07
Luke Musgrave,TE,GB,11,0.0,0.0,0.0,0.0,0.0,0.0,0.0,12.93,128.84,0.78,0.0,0.07
Davis Mills,QB,HOU,8,301.27,1.24,0.64,0.0,12.89,0.02,0.0,0.0,0.0,0.0,0.0,0.02
Xavier Hutchinson,WR,HOU,8,0.0,0.0,0.0,0.0,16.69,0.02,0.0,8.31,97.87,0.24,0.0,0.07
Tyler Huntley,QB,BAL,13,229.71,1.38,1.04,0.0,10.33,0.02,0.0,0.0,0.0,0.0,0.0,0.02
Mac Jones,QB,SF,8,300.0,2.13,1.18,0.0,18.22,0.09,0.0,0.0,0.0,0.0,0.0,0.58
Sam Roush,TE,CHI,10,0.0,0.0,0.0,0.0,0.0,0.0,0.0,5.73,52.73,0.29,0.0,0.04
Spencer Rattler,QB,NO,8,279.27,1.31,1.16,0.0,15.33,0.02,0.0,0.0,0.0,0.0,0.0,0.58
Adam Randall,RB,BAL,13,0.0,0.0,0.0,0.0,197.89,1.11,0.0,4.82,37.89,0.07,0.0,0.2
Kaytron Allen,RB,WAS,7,0.0,0.0,0.0,0.0,94.71,0.42,0.0,3.84,28.02,0.07,0.0,0.18
Eli Stowers,TE,PHI,10,0.0,0.0,0.0,0.0,0.0,0.0,0.0,22.09,243.87,1.76,0.0,0.11
Devin Neal,RB,NO,8,0.0,0.0,0.0,0.0,45.8,0.29,0.0,1.38,10.13,0.07,0.0,0.11
Olamide Zaccheaus,WR,ATL,11,0.0,0.0,0.0,0.0,0.0,0.0,0.0,27.84,320.29,2.16,0.0,0.11
Kevin Coleman Jr.,WR,MIA,6,0.0,0.0,0.0,0.0,0.0,0.0,0.0,29.76,360.58,1.4,0.0,0.04
Emari Demercado,RB,KC,5,0.0,0.0,0.0,0.0,55.49,0.24,0.0,7.38,50.07,0.07,0.0,0.11
Austin Hooper,TE,ATL,11,0.0,0.0,0.0,0.0,0.0,0.0,0.0,13.04,128.27,0.31,0.0,0.07
Jaylin Lane,WR,WAS,7,0.0,0.0,0.0,0.0,0.0,0.0,0.0,8.64,112.02,0.84,0.0,0.04
Daniel Bellinger,TE,TEN,9,0.0,0.0,0.0,0.0,0.0,0.0,0.0,15.31,143.18,0.93,0.0,0.07
Kenny Pickett,QB,CAR,5,272.36,1.29,1.11,0.0,3.0,0.02,0.0,0.0,0.0,0.0,0.0,0.58
Will Shipley,RB,PHI,10,0.0,0.0,0.0,0.0,120.84,0.31,0.0,6.49,47.18,0.09,0.0,0.18
Will Kacmarek,TE,MIA,6,0.0,0.0,0.0,0.0,0.0,0.0,0.0,5.78,54.98,0.22,0.0,0.04
Josh Oliver,TE,MIN,6,0.0,0.0,0.0,0.0,0.0,0.0,0.0,13.13,133.73,1.62,0.0,0.07
Cedric Tillman,WR,CLE,11,0.0,0.0,0.0,0.0,0.0,0.0,0.0,14.84,181.2,0.89,0.0,0.09
Savion Williams,WR,GB,11,0.0,0.0,0.0,0.0,8.73,0.02,0.0,4.47,54.89,0.22,0.0,0.02
Drew Sample,TE,CIN,6,0.0,0.0,0.0,0.0,0.0,0.0,0.0,14.98,126.09,1.07,0.0,0.09
Anthony Richardson Sr.,QB,IND,13,99.73,0.47,0.33,0.0,0.0,0.0,0.0,0.0,0.0,0.0,0.0,0.0
Eli Raridon,TE,NE,11,0.0,0.0,0.0,0.0,0.0,0.0,0.0,10.2,101.47,0.96,0.0,0.04
Trevor Etienne,RB,CAR,5,0.0,0.0,0.0,0.0,154.84,0.36,0.0,4.53,32.69,0.07,0.0,0.18
Jameis Winston,QB,NYG,8,269.38,1.29,1.16,0.0,7.56,0.02,0.0,0.0,0.0,0.0,0.0,0.02
Anthony Gould,WR,IND,13,0.0,0.0,0.0,0.0,0.0,0.0,0.0,10.82,133.16,0.31,0.0,0.04
Marcus Mariota,QB,WAS,7,206.56,1.18,0.98,0.0,14.89,0.02,0.0,0.0,0.0,0.0,0.0,0.58
Arian Smith,WR,NYJ,13,0.0,0.0,0.0,0.0,0.0,0.0,0.0,2.51,29.53,0.16,0.0,0.04
Tanner McKee,QB,PHI,10,93.96,0.44,0.24,0.0,0.0,0.0,0.0,0.0,0.0,0.0,0.0,0.0
Noah Gray,TE,KC,5,0.0,0.0,0.0,0.0,0.0,0.0,0.0,30.51,305.33,2.8,0.0,0.11
Ben Skowronek,WR,PIT,9,0.0,0.0,0.0,0.0,0.0,0.0,0.0,7.07,75.44,0.2,0.0,0.02
Calvin Austin III,WR,NYG,8,0.0,0.0,0.0,0.0,0.0,0.0,0.0,7.33,92.18,0.29,0.0,0.04
Keenan Allen,WR,FA,,0.0,0.0,0.0,0.0,0.0,0.0,0.0,6.2,78.42,0.64,0.0,0.04
Mason Rudolph,QB,PIT,9,88.38,0.4,0.29,0.0,0.0,0.0,0.0,0.0,0.0,0.0,0.0,0.0
Oscar Delp,TE,NO,8,0.0,0.0,0.0,0.0,0.0,0.0,0.0,14.07,135.53,0.6,0.0,0.09
Brevyn Spann-Ford,TE,DAL,14,0.0,0.0,0.0,0.0,0.0,0.0,0.0,7.0,68.07,0.4,0.0,0.04
Quinn Ewers,QB,MIA,6,269.09,1.22,1.33,0.0,5.76,0.02,0.0,0.0,0.0,0.0,0.0,0.02
Marlin Klein,TE,HOU,8,0.0,0.0,0.0,0.0,0.0,0.0,0.0,10.2,82.98,0.82,0.0,0.04
Mo Alie-Cox,TE,IND,13,0.0,0.0,0.0,0.0,0.0,0.0,0.0,9.31,87.62,0.89,0.0,0.04
Seth McGowan,RB,IND,13,0.0,0.0,0.0,0.0,38.44,0.18,0.0,2.6,17.51,0.07,0.0,0.09
Elijah Arroyo,TE,SEA,11,0.0,0.0,0.0,0.0,0.0,0.0,0.0,20.82,228.02,1.76,0.0,0.07
Van Jefferson,WR,WAS,7,0.0,0.0,0.0,0.0,0.0,0.0,0.0,18.98,237.33,1.27,0.0,0.02
Chris Bell,WR,MIA,6,0.0,0.0,0.0,0.0,0.0,0.0,0.0,21.89,276.78,1.22,0.0,0.09
Drew Lock,QB,SEA,11,227.98,1.18,1.11,0.0,8.44,0.02,0.0,0.0,0.0,0.0,0.0,0.02
Noah Fant,TE,NO,8,0.0,0.0,0.0,0.0,0.0,0.0,0.0,22.36,226.82,1.6,0.0,0.07
Mitchell Trubisky,QB,TEN,9,235.38,1.09,1.09,0.0,5.11,0.02,0.0,0.0,0.0,0.0,0.0,0.02
Gavin Bartholomew,TE,MIN,6,0.0,0.0,0.0,0.0,0.0,0.0,0.0,2.11,21.47,0.16,0.0,0.02
Cade Klubnik,QB,NYJ,13,117.04,0.44,0.51,0.0,7.13,0.07,0.0,0.0,0.0,0.0,0.0,0.02
Eric Saubert,TE,SEA,11,0.0,0.0,0.0,0.0,0.0,0.0,0.0,5.16,45.76,0.18,0.0,0.02
Raheim Sanders,RB,CLE,11,0.0,0.0,0.0,0.0,139.24,0.4,0.0,2.16,15.56,0.02,0.0,0.18
Hunter Luepke,RB,DAL,14,0.0,0.0,0.0,0.0,34.96,0.13,0.0,10.02,75.91,0.67,0.0,0.09
Tip Reiman,TE,ARI,14,0.0,0.0,0.0,0.0,0.0,0.0,0.0,3.78,32.62,0.11,0.0,0.02
Ben Sinnott,TE,WAS,7,0.0,0.0,0.0,0.0,0.0,0.0,0.0,12.13,118.62,0.84,0.0,0.04
Foster Moreau,TE,HOU,8,0.0,0.0,0.0,0.0,0.0,0.0,0.0,6.16,62.87,0.29,0.0,0.04
Isaac Guerendo,RB,SF,8,0.0,0.0,0.0,0.0,31.62,0.22,0.0,1.84,14.82,0.07,0.0,0.09
Kaden Wetjen,WR,PIT,9,0.0,0.0,0.0,0.0,0.0,0.0,0.0,1.71,20.09,0.11,0.0,0.02
Brock Wright,TE,DET,6,0.0,0.0,0.0,0.0,0.0,0.0,0.0,9.51,89.4,0.91,0.0,0.04
Davis Allen,TE,LAR,11,0.0,0.0,0.0,0.0,0.0,0.0,0.0,3.27,30.78,0.2,0.0,0.02
Kalel Mullings,RB,TEN,9,0.0,0.0,0.0,0.0,15.93,0.11,0.0,0.78,6.22,0.04,0.0,0.07
Charlie Kolar,TE,LAC,7,0.0,0.0,0.0,0.0,0.0,0.0,0.0,5.84,59.87,0.27,0.0,0.04
Kendre Miller,RB,NO,8,0.0,0.0,0.0,0.0,181.98,0.36,0.0,4.84,31.11,0.02,0.0,0.18
Alec Ingold,RB,LAC,7,0.0,0.0,0.0,0.0,9.09,0.07,0.0,5.76,42.73,0.07,0.0,0.04
Jawhar Jordan,RB,HOU,8,0.0,0.0,0.0,0.0,57.6,0.18,0.0,4.02,25.64,0.02,0.0,0.11
Justin Joly,TE,DEN,10,0.0,0.0,0.0,0.0,0.0,0.0,0.0,5.33,50.04,0.76,0.0,0.02
Ja'Lynn Polk,WR,NO,8,0.0,0.0,0.0,0.0,0.0,0.0,0.0,1.64,18.04,0.11,0.0,0.02
Adam Trautman,TE,DEN,10,0.0,0.0,0.0,0.0,0.0,0.0,0.0,15.51,154.82,0.96,0.0,0.04
Tanner Koziol,TE,JAX,7,0.0,0.0,0.0,0.0,0.0,0.0,0.0,2.53,25.98,0.2,0.0,0.02
John Metchie III,WR,CAR,5,0.0,0.0,0.0,0.0,0.0,0.0,0.0,3.96,41.38,0.11,0.0,0.02
Tyler Conklin,TE,DET,6,0.0,0.0,0.0,0.0,0.0,0.0,0.0,4.87,44.04,0.13,0.0,0.02
Greg Dortch,WR,DET,6,0.0,0.0,0.0,0.0,0.0,0.0,0.0,6.18,64.04,0.2,0.0,0.04
Jarquez Hunter,RB,LAR,11,0.0,0.0,0.0,0.0,80.62,0.31,0.0,0.22,1.78,0.02,0.0,0.09
Luke Farrell,TE,SF,8,0.0,0.0,0.0,0.0,0.0,0.0,0.0,5.47,49.2,0.2,0.0,0.04
Grant Calcaterra,TE,PHI,10,0.0,0.0,0.0,0.0,0.0,0.0,0.0,3.07,29.27,0.11,0.0,0.02
Deion Burks,WR,IND,13,0.0,0.0,0.0,0.0,0.0,0.0,0.0,11.4,127.84,0.29,0.0,0.04
Skyy Moore,WR,GB,11,0.0,0.0,0.0,0.0,0.0,0.0,0.0,1.29,16.67,0.07,0.0,0.0
Mack Hollins,WR,NE,11,0.0,0.0,0.0,0.0,4.11,0.0,0.0,9.58,103.78,1.38,0.0,0.04
Ashton Dulin,WR,IND,13,0.0,0.0,0.0,0.0,0.0,0.0,0.0,11.09,153.36,0.91,0.0,0.07
Mason Tipton,WR,NO,8,0.0,0.0,0.0,0.0,0.0,0.0,0.0,4.38,46.47,0.11,0.0,0.02
Demarcus Robinson,WR,SF,8,0.0,0.0,0.0,0.0,0.0,0.0,0.0,1.13,16.09,0.11,0.0,0.02
Britain Covey,WR,PHI,10,0.0,0.0,0.0,0.0,0.0,0.0,0.0,1.2,14.71,0.09,0.0,0.02
AJ Dillon,RB,CAR,5,0.0,0.0,0.0,0.0,13.0,0.07,0.0,0.6,4.98,0.02,0.0,0.04
Ben Sims,TE,MIA,6,0.0,0.0,0.0,0.0,0.0,0.0,0.0,8.82,83.27,0.18,0.0,0.04
Seydou Traore,TE,MIA,6,0.0,0.0,0.0,0.0,0.0,0.0,0.0,1.29,13.53,0.09,0.0,0.02
Joe Royer,TE,CLE,11,0.0,0.0,0.0,0.0,0.0,0.0,0.0,1.31,13.07,0.09,0.0,0.02
Kyle Juszczyk,RB,SF,8,0.0,0.0,0.0,0.0,22.07,0.09,0.0,13.27,107.29,0.64,0.0,0.09
Julian Hill,TE,NE,11,0.0,0.0,0.0,0.0,0.0,0.0,0.0,1.36,14.0,0.07,0.0,0.02
Jaleel McLaughlin,RB,DEN,10,0.0,0.0,0.0,0.0,16.07,0.04,0.0,4.47,29.47,0.09,0.0,0.07
Josh Whyle,TE,GB,11,0.0,0.0,0.0,0.0,0.0,0.0,0.0,6.2,58.27,0.38,0.0,0.04
Tim Patrick,WR,NYJ,13,0.0,0.0,0.0,0.0,0.0,0.0,0.0,1.16,13.36,0.09,0.0,0.02
Charlie Woerner,TE,ATL,11,0.0,0.0,0.0,0.0,0.0,0.0,0.0,4.22,38.82,0.13,0.0,0.02
Durham Smythe,TE,BAL,13,0.0,0.0,0.0,0.0,0.0,0.0,0.0,9.8,93.69,0.71,0.0,0.04
Dont'e Thornton Jr.,WR,LV,13,0.0,0.0,0.0,0.0,0.0,0.0,0.0,11.58,171.67,0.84,0.0,0.07
Barion Brown,WR,NO,8,0.0,0.0,0.0,0.0,0.0,0.0,0.0,2.64,29.91,0.11,0.0,0.02
Justin Watson,WR,HOU,8,0.0,0.0,0.0,0.0,0.0,0.0,0.0,1.07,13.53,0.07,0.0,0.02
Payne Durham,TE,TB,10,0.0,0.0,0.0,0.0,0.0,0.0,0.0,5.64,55.09,0.73,0.0,0.04
Rasheen Ali,RB,BAL,13,0.0,0.0,0.0,0.0,70.42,0.31,0.0,2.56,18.22,0.0,0.0,0.13
Jimmy Horn Jr.,WR,CAR,5,0.0,0.0,0.0,0.0,0.0,0.0,0.0,8.49,98.8,0.22,0.0,0.04
Jeremy Ruckert,TE,NYJ,13,0.0,0.0,0.0,0.0,0.0,0.0,0.0,6.67,53.2,0.16,0.0,0.04
Jack Stoll,TE,CLE,11,0.0,0.0,0.0,0.0,0.0,0.0,0.0,7.31,66.4,0.16,0.0,0.04
Kalif Raymond,WR,CHI,10,0.0,0.0,0.0,0.0,0.0,0.0,0.0,10.93,130.44,0.84,0.0,0.02
Malik Benson,WR,LV,13,0.0,0.0,0.0,0.0,0.0,0.0,0.0,1.09,12.78,0.07,0.0,0.02
Terrace Marshall Jr,WR,MIA,6,0.0,0.0,0.0,0.0,0.0,0.0,0.0,2.16,24.29,0.11,0.0,0.02
Johnny Wilson,WR,PHI,10,0.0,0.0,0.0,0.0,0.0,0.0,0.0,1.0,12.22,0.07,0.0,0.02
Konata Mumpfield,WR,LAR,11,0.0,0.0,0.0,0.0,11.89,0.0,0.0,13.93,162.11,1.51,0.0,0.07
Isaiah Williams,WR,NYJ,13,0.0,0.0,0.0,0.0,0.0,0.0,0.0,2.64,27.8,0.07,0.0,0.02
Nate Adkins,TE,DEN,10,0.0,0.0,0.0,0.0,0.0,0.0,0.0,4.13,36.67,0.18,0.0,0.02
Bryce Lance,WR,NO,8,0.0,0.0,0.0,0.0,0.0,0.0,0.0,2.4,26.91,0.11,0.0,0.02
Elijah Higgins,TE,ARI,14,0.0,0.0,0.0,0.0,0.0,0.0,0.0,13.09,109.29,0.87,0.0,0.07
Keandre Lambert-Smith,WR,LAC,7,0.0,0.0,0.0,0.0,6.89,0.0,0.0,6.98,91.53,0.78,0.0,0.02
Jaret Patterson,RB,LAC,7,0.0,0.0,0.0,0.0,11.87,0.09,0.0,0.0,0.0,0.0,0.0,0.02
Pierre Strong Jr,RB,GB,11,0.0,0.0,0.0,0.0,35.58,0.07,0.0,2.22,14.44,0.0,0.0,0.04
Brenden Bates,TE,CLE,11,0.0,0.0,0.0,0.0,0.0,0.0,0.0,3.11,27.87,0.11,0.0,0.02
Tanner Hudson,TE,CIN,6,0.0,0.0,0.0,0.0,0.0,0.0,0.0,3.38,29.96,0.13,0.0,0.02
Parris Campbell,WR,FA,,0.0,0.0,0.0,0.0,0.0,0.0,0.0,0.8,7.91,0.07,0.0,0.0
Jack Endries,TE,CIN,6,0.0,0.0,0.0,0.0,0.0,0.0,0.0,0.82,8.6,0.04,0.0,0.0
Roschon Johnson,RB,CHI,10,0.0,0.0,0.0,0.0,23.71,0.16,0.0,1.76,12.33,0.02,0.0,0.04
Patrick Ricard,RB,NYG,8,0.0,0.0,0.0,0.0,0.0,0.0,0.0,4.98,35.2,0.07,0.0,0.02
Luke Schoonmaker,TE,DAL,14,0.0,0.0,0.0,0.0,0.0,0.0,0.0,7.82,70.8,0.67,0.0,0.0
Jackson Hawes,TE,BUF,7,0.0,0.0,0.0,0.0,0.0,0.0,0.0,4.84,49.49,0.67,0.0,0.0
Jordan Watkins,WR,SF,8,0.0,0.0,0.0,0.0,0.0,0.0,0.0,0.76,9.84,0.04,0.0,0.0
Jonathan Mingo,WR,DAL,14,0.0,0.0,0.0,0.0,0.0,0.0,0.0,3.16,35.71,0.09,0.0,0.0
Cyrus Allen,WR,KC,5,0.0,0.0,0.0,0.0,0.0,0.0,0.0,2.09,24.78,0.62,0.0,0.0
DeeJay Dallas,RB,JAX,7,0.0,0.0,0.0,0.0,8.87,0.07,0.0,0.0,0.0,0.0,0.0,0.02
Jalin Hyatt,WR,NYG,8,0.0,0.0,0.0,0.0,0.0,0.0,0.0,0.6,7.87,0.02,0.0,0.0
Derius Davis,WR,LAC,7,0.0,0.0,0.0,0.0,19.22,0.02,0.0,0.62,6.38,0.04,0.0,0.02
Jalen Milroe,QB,SEA,11,23.09,0.11,0.09,0.0,0.0,0.0,0.0,0.0,0.0,0.0,0.0,0.0
Adrian Martinez,QB,SF,8,19.42,0.13,0.07,0.0,0.0,0.0,0.0,0.0,0.0,0.0,0.0,0.0
Myles Price,WR,MIN,6,0.0,0.0,0.0,0.0,0.0,0.0,0.0,2.8,32.69,0.09,0.0,0.0
Isaiah Hodgins,WR,NYG,8,0.0,0.0,0.0,0.0,0.0,0.0,0.0,0.53,6.2,0.04,0.0,0.0
Jacob Cowing,WR,SF,8,0.0,0.0,0.0,0.0,0.0,0.0,0.0,0.47,5.96,0.04,0.0,0.0
Jake Bobo,WR,SEA,11,0.0,0.0,0.0,0.0,0.0,0.0,0.0,0.49,5.71,0.04,0.0,0.0
Stetson Bennett IV,QB,LAR,11,17.53,0.11,0.04,0.0,0.0,0.0,0.0,0.0,0.0,0.0,0.0,0.0
Will Levis,QB,TEN,9,20.78,0.09,0.07,0.0,0.0,0.0,0.0,0.0,0.0,0.0,0.0,0.0
Sean McKeon,TE,IND,13,0.0,0.0,0.0,0.0,0.0,0.0,0.0,2.07,18.11,0.07,0.0,0.0
Riley Leonard,QB,IND,13,348.09,1.31,1.62,0.0,34.31,0.64,0.0,0.0,0.0,0.0,0.0,1.16
Kendrick Law,WR,DET,6,0.0,0.0,0.0,0.0,0.0,0.0,0.0,0.49,5.93,0.02,0.0,0.0
Cade Stover,TE,HOU,8,0.0,0.0,0.0,0.0,2.78,0.0,0.0,6.27,55.33,0.64,0.0,0.02
Will Howard,QB,PIT,9,278.2,1.69,0.98,0.0,50.44,0.13,0.0,0.0,0.0,0.0,0.0,1.16
Andy Dalton,QB,PHI,10,187.58,1.47,0.84,0.0,6.44,0.02,0.0,0.0,0.0,0.0,0.0,0.02
John Bates,TE,WAS,7,0.0,0.0,0.0,0.0,0.0,0.0,0.0,4.98,44.98,0.09,0.0,0.0
Xavier Weaver,WR,ARI,14,0.0,0.0,0.0,0.0,0.0,0.0,0.0,5.33,61.53,0.13,0.0,0.02
Athan Kaliakmanis,QB,WAS,7,16.53,0.09,0.07,0.0,0.0,0.0,0.0,0.0,0.0,0.0,0.0,0.0
Laquon Treadwell,WR,IND,13,0.0,0.0,0.0,0.0,0.0,0.0,0.0,1.8,23.29,0.09,0.0,0.02
Ben Yurosek,TE,MIN,6,0.0,0.0,0.0,0.0,0.0,0.0,0.0,2.84,26.04,0.07,0.0,0.0
Jeremy McNichols,RB,WAS,7,0.0,0.0,0.0,0.0,5.33,0.04,0.0,0.0,0.0,0.0,0.0,0.0
Lil'Jordan Humphrey,WR,DEN,10,0.0,0.0,0.0,0.0,0.0,0.0,0.0,2.27,23.76,0.07,0.0,0.0
Brady Cook,QB,NYJ,13,130.56,0.62,0.67,0.0,20.33,0.0,0.0,0.0,0.0,0.0,0.0,0.56
Jam Miller,RB,NE,11,0.0,0.0,0.0,0.0,29.6,0.07,0.0,1.47,11.47,0.0,0.0,0.04
Phil Mafah,RB,DAL,14,0.0,0.0,0.0,0.0,5.24,0.02,0.0,0.0,0.0,0.0,0.0,0.0
Jared Wiley,TE,KC,5,0.0,0.0,0.0,0.0,0.0,0.0,0.0,3.96,36.2,0.09,0.0,0.0
Thomas Fidone II,TE,NYG,8,0.0,0.0,0.0,0.0,0.0,0.0,0.0,1.89,17.82,0.07,0.0,0.0
Bauer Sharp,TE,TB,10,0.0,0.0,0.0,0.0,0.0,0.0,0.0,0.33,3.22,0.02,0.0,0.0
Quintin Morris,TE,JAX,7,0.0,0.0,0.0,0.0,0.0,0.0,0.0,2.51,24.62,0.09,0.0,0.0
Reggie Virgil,WR,ARI,14,0.0,0.0,0.0,0.0,0.0,0.0,0.0,3.33,36.13,0.07,0.0,0.0
Trey Benson,RB,ARI,14,0.0,0.0,0.0,0.0,5.36,0.02,0.0,0.22,1.53,0.0,0.0,0.02
Tyler Goodson,RB,ATL,11,0.0,0.0,0.0,0.0,19.67,0.04,0.0,0.0,0.0,0.0,0.0,0.0
Tyler Badie,RB,DEN,10,0.0,0.0,0.0,0.0,3.56,0.02,0.0,0.0,0.0,0.0,0.0,0.0
CJ Daniels,WR,LAR,11,0.0,0.0,0.0,0.0,0.0,0.0,0.0,3.98,46.51,0.11,0.0,0.0
Kylen Granson,TE,TEN,9,0.0,0.0,0.0,0.0,0.0,0.0,0.0,1.58,15.33,0.02,0.0,0.0
Hunter Long,TE,JAX,7,0.0,0.0,0.0,0.0,0.0,0.0,0.0,0.51,5.09,0.02,0.0,0.0
Emmanuel Henderson Jr.,WR,SEA,11,0.0,0.0,0.0,0.0,0.0,0.0,0.0,2.31,27.13,0.07,0.0,0.0
Jahdae Walker,WR,CHI,10,0.0,0.0,0.0,0.0,6.89,0.0,0.0,13.8,149.33,0.98,0.0,0.04
Josh Cuevas,TE,BAL,13,0.0,0.0,0.0,0.0,0.0,0.0,0.0,1.31,13.78,0.11,0.0,0.02
Tanner Arkin,TE,NE,11,0.0,0.0,0.0,0.0,0.0,0.0,0.0,1.24,12.44,0.09,0.0,0.02
JJ Galbreath,TE,PIT,9,0.0,0.0,0.0,0.0,0.0,0.0,0.0,3.78,35.22,0.09,0.0,0.0
Devin Culp,TE,TB,10,0.0,0.0,0.0,0.0,0.0,0.0,0.0,3.07,29.33,0.09,0.0,0.0
Johnny Mundt,TE,PHI,10,0.0,0.0,0.0,0.0,0.0,0.0,0.0,1.56,12.67,0.04,0.0,0.0
Mitch Tinsley,WR,CIN,6,0.0,0.0,0.0,0.0,0.0,0.0,0.0,6.11,73.33,1.24,0.0,0.02
Xavier Smith,WR,LAR,11,0.0,0.0,0.0,0.0,7.78,0.0,0.0,3.87,49.0,0.09,0.0,0.02
Joe Mixon,RB,FA,,0.0,0.0,0.0,0.0,4.22,0.07,0.0,0.49,3.56,0.02,0.0,0.02
Kareem Hunt,RB,FA,,0.0,0.0,0.0,0.0,4.22,0.07,0.0,0.49,3.56,0.02,0.0,0.02
Audric Estimé,RB,NO,8,0.0,0.0,0.0,0.0,2.89,0.02,0.0,0.18,1.33,0.0,0.0,0.0
Bam Knight,RB,ARI,14,0.0,0.0,0.0,0.0,2.0,0.02,0.0,0.13,0.89,0.0,0.0,0.0
JuJu Smith-Schuster,WR,NYG,8,0.0,0.0,0.0,0.0,0.0,0.0,0.0,0.11,1.56,0.02,0.0,0.0
Braxton Berrios,WR,NYG,8,0.0,0.0,0.0,0.0,0.0,0.0,0.0,0.13,1.56,0.0,0.0,0.0
Odell Beckham Jr,WR,NYG,8,0.0,0.0,0.0,0.0,0.0,0.0,0.0,0.11,1.56,0.0,0.0,0.0
Gardner Minshew II,QB,ARI,14,108.89,0.62,0.51,0.0,3.78,0.04,0.0,0.0,0.0,0.0,0.0,0.02
Joe Milton III,QB,DAL,14,192.78,0.93,0.8,0.0,15.33,0.04,0.0,0.0,0.0,0.0,0.0,0.02
Bailey Zappe,QB,NYJ,13,10.44,0.04,0.04,0.0,2.0,0.0,0.0,0.0,0.0,0.0,0.0,0.0
Curtis Samuel,WR,FA,,0.0,0.0,0.0,0.0,0.0,0.0,0.0,5.56,52.78,0.0,0.0,0.0
